Workbook
Name Slicer_BusinessTravel: #N/A
Name Slicer_Department: #N/A
Name Slicer_OverTime: #N/A

Sheet Dashboard
A1: HR ANALYTICS DASHBOARD

Sheet Calculations
B1: Calculations
B3: Number of employees in the company
B4: =GETPIVOTDATA("EmployeeCount",'Pivot Tables'!$A$3) -> 1470
B6: Active Employees
B7: =GETPIVOTDATA("EmployeeCount",'Pivot Tables'!$A$7,"Attrition","No") -> 1233
B9: Employees Left
B10: =GETPIVOTDATA("EmployeeCount",'Pivot Tables'!$A$7,"Attrition","Yes") -> 237
B12: Overall attrition rate
B13: =GETPIVOTDATA("EmployeeCount",'Pivot Tables'!$A$13,"Attrition","Yes")/GETPIVOTDATA("EmployeeCount",'Pivot Tables'!$A$13) -> 0.16122449
B15: Average employee age
B16: =GETPIVOTDATA("Age",'Pivot Tables'!$A$22) -> 36.92381
B18: Average monthly income
B19: =GETPIVOTDATA("MonthlyIncome",'Pivot Tables'!$A$27) -> 6502.9313
B21: Average Years at Company
B22: =GETPIVOTDATA("YearsAtCompany",'Pivot Tables'!$A$40) -> 7.0081633
B24: Age groups that has the most employees
B25: ='Pivot Tables'!A131 -> 26-35

Sheet Pivot Tables
A2: Number of employees in the company
A3: Count of Employee Number
A4: 1470
A6: Employee attrition
A7: Attrition | B7: Count of Employee Number
A8: No | B8: 1233
A9: Yes | B9: 237
A10: Grand Total | B10: 1470
A12: Employee attrition by department
A13: Count of Employee Number | B13: Attrition
A14: Department | B14: No | C14: Yes | D14: Grand Total
A15: Human Resources | B15: 51 | C15: 12 | D15: 63
A16: Research & Development | B16: 828 | C16: 133 | D16: 961
A17: Sales | B17: 354 | C17: 92 | D17: 446
A18: Grand Total | B18: 1233 | C18: 237 | D18: 1470
A21: Average employee age
A22: Average Age
A23: 36.92381
A26: Average monthly income
A27: Average of MonthlyIncome
A28: 6502.9313
A30: Employee attrition by department
A31: Count of Employee Number | B31: Attrition
A32: Department | B32: Yes | C32: Grand Total
A33: Human Resources | B33: 12 | C33: 12
A34: Sales | B34: 92 | C34: 92
A35: Research & Development | B35: 133 | C35: 133
A36: Grand Total | B36: 237 | C36: 237
A39: Average Years at Company
A40: Average of YearsAtCompany
A41: 7.0081633
A46: Employee Attrition by Job Role
A47: Count of Employee Number | B47: Attrition
A48: Job Role | B48: Yes | C48: Grand Total
A49: Research Director | B49: 2 | C49: 2
A50: Manager | B50: 5 | C50: 5
A51: Healthcare Representative | B51: 9 | C51: 9
A52: Manufacturing Director | B52: 10 | C52: 10
A53: Human Resources | B53: 12 | C53: 12
A54: Sales Representative | B54: 33 | C54: 33
A55: Research Scientist | B55: 47 | C55: 47
A56: Sales Executive | B56: 57 | C56: 57
A57: Laboratory Technician | B57: 62 | C57: 62
A58: Grand Total | B58: 237 | C58: 237
A63: Attrition Rate by Overtime
A64: Count of Employee Number | B64: Attrition
A65: Overtime | B65: No | C65: Yes | D65: Grand Total
A66: No | B66: 944 | C66: 110 | D66: 1054
A67: Yes | B67: 289 | C67: 127 | D67: 416
A68: Grand Total | B68: 1233 | C68: 237 | D68: 1470
A70: No overtime attrition rate | B70: =GETPIVOTDATA("EmployeeCount",$A$64,"Attrition","Yes","OverTime","No")/GETPIVOTDATA("EmployeeCount",$A$64,"OverTime","No") -> 0.10436433
A71: Overtime attrition rate | B71: =GETPIVOTDATA("EmployeeCount",$A$64,"Attrition","Yes","OverTime","Yes")/GETPIVOTDATA("EmployeeCount",$A$64,"OverTime","Yes") -> 0.30528846
A73: Attrition Rate by Business Travel
A74: Count of Employee Number | B74: Attrition
A75: Business Travel | B75: No | C75: Yes | D75: Grand Total
A76: Non-Travel | B76: 138 | C76: 12 | D76: 150
A77: Travel_Frequently | B77: 208 | C77: 69 | D77: 277
A78: Travel_Rarely | B78: 887 | C78: 156 | D78: 1043
A79: Grand Total | B79: 1233 | C79: 237 | D79: 1470
A81: Non-Travel attrition rate | B81: =GETPIVOTDATA("EmployeeCount",$A$74,"Attrition","Yes","BusinessTravel","Non-Travel")/GETPIVOTDATA("EmployeeCount",$A$74,"BusinessTravel","Non-Travel") -> 0.08
A82: Travel_Rarely attrition rate | B82: =GETPIVOTDATA("EmployeeCount",$A$74,"Attrition","Yes","BusinessTravel","Travel_Rarely")/GETPIVOTDATA("EmployeeCount",$A$74,"BusinessTravel","Travel_Rarely") -> 0.14956855
A83: Travel_Frequently attrition rate | B83: =GETPIVOTDATA("EmployeeCount",$A$74,"Attrition","Yes","BusinessTravel","Travel_Frequently")/GETPIVOTDATA("EmployeeCount",$A$74,"BusinessTravel","Travel_Frequently") -> 0.24909747
A85: Attrition Rate by Education Field
A86: Count of Employee Number | B86: Attrition
A87: Education Field | B87: No | C87: Yes | D87: Grand Total
A88: Human Resources | B88: 20 | C88: 7 | D88: 27
A89: Life Sciences | B89: 517 | C89: 89 | D89: 606
A90: Marketing | B90: 124 | C90: 35 | D90: 159
A91: Medical | B91: 401 | C91: 63 | D91: 464
A92: Other | B92: 71 | C92: 11 | D92: 82
A93: Technical Degree | B93: 100 | C93: 32 | D93: 132
A94: Grand Total | B94: 1233 | C94: 237 | D94: 1470
A96: Other attrition rate | B96: =GETPIVOTDATA("EmployeeCount",$A$86,"Attrition","Yes","EducationField","Other")/GETPIVOTDATA("EmployeeCount",$A$86,"EducationField","Other") -> 0.13414634
A97: Medical attrition rate | B97: =GETPIVOTDATA("EmployeeCount",$A$86,"Attrition","Yes","EducationField","Medical")/GETPIVOTDATA("EmployeeCount",$A$86,"EducationField","Medical") -> 0.13577586
A98: Life Sciences attrition rate | B98: =GETPIVOTDATA("EmployeeCount",$A$86,"Attrition","Yes","EducationField","Life Sciences")/GETPIVOTDATA("EmployeeCount",$A$86,"EducationField","Life Sciences") -> 0.14686469
A99: Marketing attrition rate | B99: =GETPIVOTDATA("EmployeeCount",$A$86,"Attrition","Yes","EducationField","Marketing")/GETPIVOTDATA("EmployeeCount",$A$86,"EducationField","Marketing") -> 0.22012579
A100: Technical Degree attrition rate | B100: =GETPIVOTDATA("EmployeeCount",$A$86,"Attrition","Yes","EducationField","Technical Degree")/GETPIVOTDATA("EmployeeCount",$A$86,"EducationField","Technical Degree") -> 0.24242424
A101: Human Resources attrition rate | B101: =GETPIVOTDATA("EmployeeCount",$A$86,"Attrition","Yes","EducationField","Human Resources")/GETPIVOTDATA("EmployeeCount",$A$86,"EducationField","Human Resources") -> 0.25925926
A103: What is the employee distribution by gender?
A104: Gender | B104: Count of Employee Number
A105: Female | B105: 588
A106: Male | B106: 882
A107: Grand Total | B107: 1470
A115: What is the employee distribution by marital status?
A116: Marital status | B116: Count of Employee Number
A117: Divorced | B117: 327
A118: Married | B118: 673
A119: Single | B119: 470
A120: Grand Total | B120: 1470
A127: Which age groups have the most employees?
A129: Age Group | B129: Number of employees
A130: 18-25 | B130: =COUNTIFS(HR_Data[Age],">=18",HR_Data[Age],"<=25") -> 123
A131: 26-35 | B131: =COUNTIFS(HR_Data[Age],">=26",HR_Data[Age],"<=35") -> 606
A132: 36-45 | B132: =COUNTIFS(HR_Data[Age],">=36",HR_Data[Age],"<=45") -> 468
A133: 46-55 | B133: =COUNTIFS(HR_Data[Age],">=46",HR_Data[Age],"<=55") -> 226
A134: 56+ | B134: =COUNTIFS(HR_Data[Age],">=56") -> 47
A135: Total | B135: =SUM(B130:B134) -> 1470

Sheet Raw_Data
A1: Age | B1: Attrition | C1: BusinessTravel | D1: DailyRate | E1: Department | F1: DistanceFromHome | G1: Education | H1: EducationField | I1: EmployeeCount | J1: EmployeeNumber | K1: EnvironmentSatisfaction | L1: Gender | M1: HourlyRate | N1: JobInvolvement | O1: JobLevel | P1: JobRole | Q1: JobSatisfaction | R1: MaritalStatus | S1: MonthlyIncome | T1: MonthlyRate | U1: NumCompaniesWorked | V1: Over18 | W1: OverTime | X1: PercentSalaryHike | Y1: PerformanceRating | Z1: RelationshipSatisfaction | AA1: StandardHours | AB1: StockOptionLevel | AC1: TotalWorkingYears | AD1: TrainingTimesLastYear | AE1: WorkLifeBalance | AF1: YearsAtCompany | AG1: YearsInCurrentRole | AH1: YearsSinceLastPromotion | AI1: YearsWithCurrManager
A2: 41 | B2: Yes | C2: Travel_Rarely | D2: 1102 | E2: Sales | F2: 1 | G2: 2 | H2: Life Sciences | I2: 1 | J2: 1 | K2: 2 | L2: Female | M2: 94 | N2: 3 | O2: 2 | P2: Sales Executive | Q2: 4 | R2: Single | S2: 5993 | T2: 19479 | U2: 8 | V2: Y | W2: Yes | X2: 11 | Y2: 3 | Z2: 1 | AA2: 80 | AB2: 0 | AC2: 8 | AD2: 0 | AE2: 1 | AF2: 6 | AG2: 4 | AH2: 0 | AI2: 5
A3: 49 | B3: No | C3: Travel_Frequently | D3: 279 | E3: Research & Development | F3: 8 | G3: 1 | H3: Life Sciences | I3: 1 | J3: 2 | K3: 3 | L3: Male | M3: 61 | N3: 2 | O3: 2 | P3: Research Scientist | Q3: 2 | R3: Married | S3: 5130 | T3: 24907 | U3: 1 | V3: Y | W3: No | X3: 23 | Y3: 4 | Z3: 4 | AA3: 80 | AB3: 1 | AC3: 10 | AD3: 3 | AE3: 3 | AF3: 10 | AG3: 7 | AH3: 1 | AI3: 7
A4: 37 | B4: Yes | C4: Travel_Rarely | D4: 1373 | E4: Research & Development | F4: 2 | G4: 2 | H4: Other | I4: 1 | J4: 4 | K4: 4 | L4: Male | M4: 92 | N4: 2 | O4: 1 | P4: Laboratory Technician | Q4: 3 | R4: Single | S4: 2090 | T4: 2396 | U4: 6 | V4: Y | W4: Yes | X4: 15 | Y4: 3 | Z4: 2 | AA4: 80 | AB4: 0 | AC4: 7 | AD4: 3 | AE4: 3 | AF4: 0 | AG4: 0 | AH4: 0 | AI4: 0
A5: 33 | B5: No | C5: Travel_Frequently | D5: 1392 | E5: Research & Development | F5: 3 | G5: 4 | H5: Life Sciences | I5: 1 | J5: 5 | K5: 4 | L5: Female | M5: 56 | N5: 3 | O5: 1 | P5: Research Scientist | Q5: 3 | R5: Married | S5: 2909 | T5: 23159 | U5: 1 | V5: Y | W5: Yes | X5: 11 | Y5: 3 | Z5: 3 | AA5: 80 | AB5: 0 | AC5: 8 | AD5: 3 | AE5: 3 | AF5: 8 | AG5: 7 | AH5: 3 | AI5: 0
A6: 27 | B6: No | C6: Travel_Rarely | D6: 591 | E6: Research & Development | F6: 2 | G6: 1 | H6: Medical | I6: 1 | J6: 7 | K6: 1 | L6: Male | M6: 40 | N6: 3 | O6: 1 | P6: Laboratory Technician | Q6: 2 | R6: Married | S6: 3468 | T6: 16632 | U6: 9 | V6: Y | W6: No | X6: 12 | Y6: 3 | Z6: 4 | AA6: 80 | AB6: 1 | AC6: 6 | AD6: 3 | AE6: 3 | AF6: 2 | AG6: 2 | AH6: 2 | AI6: 2
A7: 32 | B7: No | C7: Travel_Frequently | D7: 1005 | E7: Research & Development | F7: 2 | G7: 2 | H7: Life Sciences | I7: 1 | J7: 8 | K7: 4 | L7: Male | M7: 79 | N7: 3 | O7: 1 | P7: Laboratory Technician | Q7: 4 | R7: Single | S7: 3068 | T7: 11864 | U7: 0 | V7: Y | W7: No | X7: 13 | Y7: 3 | Z7: 3 | AA7: 80 | AB7: 0 | AC7: 8 | AD7: 2 | AE7: 2 | AF7: 7 | AG7: 7 | AH7: 3 | AI7: 6
A8: 59 | B8: No | C8: Travel_Rarely | D8: 1324 | E8: Research & Development | F8: 3 | G8: 3 | H8: Medical | I8: 1 | J8: 10 | K8: 3 | L8: Female | M8: 81 | N8: 4 | O8: 1 | P8: Laboratory Technician | Q8: 1 | R8: Married | S8: 2670 | T8: 9964 | U8: 4 | V8: Y | W8: Yes | X8: 20 | Y8: 4 | Z8: 1 | AA8: 80 | AB8: 3 | AC8: 12 | AD8: 3 | AE8: 2 | AF8: 1 | AG8: 0 | AH8: 0 | AI8: 0
A9: 30 | B9: No | C9: Travel_Rarely | D9: 1358 | E9: Research & Development | F9: 24 | G9: 1 | H9: Life Sciences | I9: 1 | J9: 11 | K9: 4 | L9: Male | M9: 67 | N9: 3 | O9: 1 | P9: Laboratory Technician | Q9: 3 | R9: Divorced | S9: 2693 | T9: 13335 | U9: 1 | V9: Y | W9: No | X9: 22 | Y9: 4 | Z9: 2 | AA9: 80 | AB9: 1 | AC9: 1 | AD9: 2 | AE9: 3 | AF9: 1 | AG9: 0 | AH9: 0 | AI9: 0
A10: 38 | B10: No | C10: Travel_Frequently | D10: 216 | E10: Research & Development | F10: 23 | G10: 3 | H10: Life Sciences | I10: 1 | J10: 12 | K10: 4 | L10: Male | M10: 44 | N10: 2 | O10: 3 | P10: Manufacturing Director | Q10: 3 | R10: Single | S10: 9526 | T10: 8787 | U10: 0 | V10: Y | W10: No | X10: 21 | Y10: 4 | Z10: 2 | AA10: 80 | AB10: 0 | AC10: 10 | AD10: 2 | AE10: 3 | AF10: 9 | AG10: 7 | AH10: 1 | AI10: 8
A11: 36 | B11: No | C11: Travel_Rarely | D11: 1299 | E11: Research & Development | F11: 27 | G11: 3 | H11: Medical | I11: 1 | J11: 13 | K11: 3 | L11: Male | M11: 94 | N11: 3 | O11: 2 | P11: Healthcare Representative | Q11: 3 | R11: Married | S11: 5237 | T11: 16577 | U11: 6 | V11: Y | W11: No | X11: 13 | Y11: 3 | Z11: 2 | AA11: 80 | AB11: 2 | AC11: 17 | AD11: 3 | AE11: 2 | AF11: 7 | AG11: 7 | AH11: 7 | AI11: 7
A12: 35 | B12: No | C12: Travel_Rarely | D12: 809 | E12: Research & Development | F12: 16 | G12: 3 | H12: Medical | I12: 1 | J12: 14 | K12: 1 | L12: Male | M12: 84 | N12: 4 | O12: 1 | P12: Laboratory Technician | Q12: 2 | R12: Married | S12: 2426 | T12: 16479 | U12: 0 | V12: Y | W12: No | X12: 13 | Y12: 3 | Z12: 3 | AA12: 80 | AB12: 1 | AC12: 6 | AD12: 5 | AE12: 3 | AF12: 5 | AG12: 4 | AH12: 0 | AI12: 3
A13: 29 | B13: No | C13: Travel_Rarely | D13: 153 | E13: Research & Development | F13: 15 | G13: 2 | H13: Life Sciences | I13: 1 | J13: 15 | K13: 4 | L13: Female | M13: 49 | N13: 2 | O13: 2 | P13: Laboratory Technician | Q13: 3 | R13: Single | S13: 4193 | T13: 12682 | U13: 0 | V13: Y | W13: Yes | X13: 12 | Y13: 3 | Z13: 4 | AA13: 80 | AB13: 0 | AC13: 10 | AD13: 3 | AE13: 3 | AF13: 9 | AG13: 5 | AH13: 0 | AI13: 8
... A1471: 34 | B1471: No | C1471: Travel_Rarely | D1471: 628 | E1471: Research & Development | F1471: 8 | G1471: 3 | H1471: Medical | I1471: 1 | J1471: 2068 | K1471: 2 | L1471: Male | M1471: 82 | N1471: 4 | O1471: 2 | P1471: Laboratory Technician | Q1471: 3 | R1471: Married | S1471: 4404 | T1471: 10228 | U1471: 2 | V1471: Y | W1471: No | X1471: 12 | Y1471: 3 | Z1471: 1 | AA1471: 80 | AB1471: 0 | AC1471: 6 | AD1471: 3 | AE1471: 4 | AF1471: 4 | AG1471: 3 | AH1471: 1 | AI1471: 2
